{"_via_settings":{"ui":{"annotation_editor_height":25,"annotation_editor_fontsize":0.8,"leftsidebar_width":18,"image_grid":{"img_height":80,"rshape_fill":"none","rshape_fill_opacity":0.3,"rshape_stroke":"yellow","rshape_stroke_width":2,"show_region_shape":true,"show_image_policy":"all"},"image":{"region_label":"region_id","region_label_font":"10px Sans","on_image_annotation_editor_placement":"NEAR_REGION"}},"core":{"buffer_size":18,"filepath":{},"default_filepath":""},"project":{"name":"_2018-10-30-14-51-33"}},"_via_img_metadata":{"bev0043.png29129":{"filename":"bev0043.png","size":29129,"regions":[{"shape_attributes":{"name":"rect","x":390,"y":395,"width":89,"height":35},"region_attributes":{"object":"Car"}},{"shape_attributes":{"name":"rect","x":385,"y":449,"width":97,"height":35},"region_attributes":{"object":"Car"}},{"shape_attributes":{"name":"rect","x":367,"y":661,"width":15,"height":18},"region_attributes":{"object":"Pedestrian"}},{"shape_attributes":{"name":"polyline","all_points_x":[203,263,292,234],"all_points_y":[138,200,176,116]},"region_attributes":{"object":"Car"}}],"file_attributes":{}},"bev0042.png29020":{"filename":"bev0042.png","size":29020,"regions":[{"shape_attributes":{"name":"rect","x":386,"y":398,"width":82,"height":33},"region_attributes":{"object":"Car"}},{"shape_attributes":{"name":"rect","x":384,"y":448,"width":89,"height":36},"region_attributes":{"object":"Car"}},{"shape_attributes":{"name":"rect","x":368,"y":662,"width":11,"height":15},"region_attributes":{"object":"Pedestrian"}},{"shape_attributes":{"name":"polyline","all_points_x":[203,260,294,240],"all_points_y":[137,199,180,118]},"region_attributes":{"object":"Car"}}],"file_attributes":{}},"bev0041.png29072":{"filename":"bev0041.png","size":29072,"regions":[{"shape_attributes":{"name":"rect","x":391,"y":397,"width":81,"height":35},"region_attributes":{"object":"Car"}},{"shape_attributes":{"name":"rect","x":386,"y":447,"width":88,"height":36},"region_attributes":{"object":"Car"}},{"shape_attributes":{"name":"rect","x":367,"y":663,"width":14,"height":16},"region_attributes":{"object":"Pedestrian"}},{"shape_attributes":{"name":"polyline","all_points_x":[206,260,290,239],"all_points_y":[141,200,179,123]},"region_attributes":{"object":"Car"}}],"file_attributes":{}},"bev0040.png29099":{"filename":"bev0040.png","size":29099,"regions":[{"shape_attributes":{"name":"rect","x":387,"y":403,"width":85,"height":29},"region_attributes":{"object":"Car"}},{"shape_attributes":{"name":"rect","x":387,"y":448,"width":85,"height":35},"region_attributes":{"object":"Car"}},{"shape_attributes":{"name":"rect","x":366,"y":663,"width":16,"height":15},"region_attributes":{"object":"Pedestrian"}},{"shape_attributes":{"name":"polyline","all_points_x":[208,261,290,238],"all_points_y":[141,202,176,120]},"region_attributes":{"object":"Car"}}],"file_attributes":{}},"bev0039.png30510":{"filename":"bev0039.png","size":30510,"regions":[{"shape_attributes":{"name":"rect","x":388,"y":393,"width":83,"height":35},"region_attributes":{"object":"Car"}},{"shape_attributes":{"name":"rect","x":383,"y":447,"width":92,"height":37},"region_attributes":{"object":"Car"}},{"shape_attributes":{"name":"rect","x":367,"y":663,"width":13,"height":15},"region_attributes":{"object":"Pedestrian"}},{"shape_attributes":{"name":"polyline","all_points_x":[205,261,293,239],"all_points_y":[142,201,178,120]},"region_attributes":{"object":"Car"}}],"file_attributes":{}},"bev0038.png29663":{"filename":"bev0038.png","size":29663,"regions":[{"shape_attributes":{"name":"rect","x":366,"y":662,"width":12,"height":15},"region_attributes":{"object":"Pedestrian"}},{"shape_attributes":{"name":"rect","x":385,"y":448,"width":97,"height":35},"region_attributes":{"object":"Car"}},{"shape_attributes":{"name":"rect","x":391,"y":395,"width":92,"height":35},"region_attributes":{"object":"Car"}},{"shape_attributes":{"name":"polyline","all_points_x":[206,261,292,238],"all_points_y":[142,201,177,117]},"region_attributes":{"object":"Car"}}],"file_attributes":{}},"bev0037.png29221":{"filename":"bev0037.png","size":29221,"regions":[{"shape_attributes":{"name":"rect","x":383,"y":446,"width":99,"height":39},"region_attributes":{"object":"Car"}},{"shape_attributes":{"name":"rect","x":390,"y":393,"width":92,"height":35},"region_attributes":{"object":"Car"}},{"shape_attributes":{"name":"rect","x":364,"y":660,"width":10,"height":17},"region_attributes":{"object":"Pedestrian"}},{"shape_attributes":{"name":"polyline","all_points_x":[208,261,290,238],"all_points_y":[141,202,178,117]},"region_attributes":{"object":"Car"}}],"file_attributes":{}},"bev0036.png29275":{"filename":"bev0036.png","size":29275,"regions":[{"shape_attributes":{"name":"rect","x":364,"y":660,"width":12,"height":16},"region_attributes":{"object":"Pedestrian"}},{"shape_attributes":{"name":"rect","x":384,"y":447,"width":98,"height":36},"region_attributes":{"object":"Car"}},{"shape_attributes":{"name":"rect","x":390,"y":393,"width":90,"height":36},"region_attributes":{"object":"Car"}},{"shape_attributes":{"name":"polyline","all_points_x":[207,263,292,235],"all_points_y":[141,199,176,114]},"region_attributes":{"object":"Car"}}],"file_attributes":{}},"bev0035.png29234":{"filename":"bev0035.png","size":29234,"regions":[{"shape_attributes":{"name":"rect","x":362,"y":659,"width":11,"height":16},"region_attributes":{"object":"Pedestrian"}},{"shape_attributes":{"name":"rect","x":385,"y":445,"width":97,"height":39},"region_attributes":{"object":"Car"}},{"shape_attributes":{"name":"rect","x":390,"y":398,"width":92,"height":32},"region_attributes":{"object":"Car"}},{"shape_attributes":{"name":"polyline","all_points_x":[207,262,290,238],"all_points_y":[140,201,180,121]},"region_attributes":{"object":"Car"}}],"file_attributes":{}},"bev0034.png29157":{"filename":"bev0034.png","size":29157,"regions":[{"shape_attributes":{"name":"rect","x":384,"y":448,"width":99,"height":37},"region_attributes":{"object":"Ca"}},{"shape_attributes":{"name":"rect","x":390,"y":395,"width":92,"height":34},"region_attributes":{"object":"Car"}},{"shape_attributes":{"name":"rect","x":360,"y":660,"width":11,"height":13},"region_attributes":{"object":"Pedestrian"}},{"shape_attributes":{"name":"polyline","all_points_x":[205,262,292,237],"all_points_y":[141,200,176,118]},"region_attributes":{"object":"Car"}}],"file_attributes":{}},"bev0033.png31164":{"filename":"bev0033.png","size":31164,"regions":[{"shape_attributes":{"name":"rect","x":353,"y":659,"width":18,"height":16},"region_attributes":{"object":"Pedestrian"}},{"shape_attributes":{"name":"rect","x":384,"y":445,"width":100,"height":41},"region_attributes":{"object":"Car"}},{"shape_attributes":{"name":"rect","x":388,"y":392,"width":97,"height":37},"region_attributes":{"object":"Car"}},{"shape_attributes":{"name":"polyline","all_points_x":[205,260,290,238],"all_points_y":[141,202,179,120]},"region_attributes":{"object":"Car"}}],"file_attributes":{}},"bev0032.png29368":{"filename":"bev0032.png","size":29368,"regions":[{"shape_attributes":{"name":"rect","x":390,"y":395,"width":91,"height":33},"region_attributes":{"object":"Car"}},{"shape_attributes":{"name":"rect","x":383,"y":448,"width":98,"height":35},"region_attributes":{"object":"Car"}},{"shape_attributes":{"name":"rect","x":352,"y":656,"width":14,"height":16},"region_attributes":{"object":"Pedestrian"}},{"shape_attributes":{"name":"polyline","all_points_x":[207,261,292,236],"all_points_y":[142,201,176,121]},"region_attributes":{"object":"Car"}}],"file_attributes":{}},"bev0031.png29152":{"filename":"bev0031.png","size":29152,"regions":[{"shape_attributes":{"name":"rect","x":348,"y":653,"width":14,"height":18},"region_attributes":{"object":"Pedestrian"}},{"shape_attributes":{"name":"rect","x":383,"y":446,"width":98,"height":37},"region_attributes":{"object":"Car"}},{"shape_attributes":{"name":"rect","x":389,"y":398,"width":92,"height":34},"region_attributes":{"object":"Car"}},{"shape_attributes":{"name":"polyline","all_points_x":[205,260,292,239],"all_points_y":[139,201,177,118]},"region_attributes":{"object":"Car"}}],"file_attributes":{}},"bev0030.png29138":{"filename":"bev0030.png","size":29138,"regions":[{"shape_attributes":{"name":"rect","x":341,"y":649,"width":18,"height":15},"region_attributes":{"object":"Pedestrian"}},{"shape_attributes":{"name":"rect","x":385,"y":442,"width":97,"height":37},"region_attributes":{"object":"Car"}},{"shape_attributes":{"name":"rect","x":390,"y":391,"width":90,"height":33},"region_attributes":{"object":"Car"}},{"shape_attributes":{"name":"polyline","all_points_x":[204,259,290,238],"all_points_y":[137,197,173,115]},"region_attributes":{"object":"Car"}}],"file_attributes":{}},"bev0029.png29269":{"filename":"bev0029.png","size":29269,"regions":[{"shape_attributes":{"name":"rect","x":338,"y":645,"width":11,"height":16},"region_attributes":{"object":"Pedestrian"}},{"shape_attributes":{"name":"rect","x":383,"y":440,"width":99,"height":36},"region_attributes":{"object":"Car"}},{"shape_attributes":{"name":"rect","x":387,"y":392,"width":97,"height":32},"region_attributes":{"object":"Car"}},{"shape_attributes":{"name":"polyline","all_points_x":[208,259,288,238],"all_points_y":[135,192,172,113]},"region_attributes":{"object":"Car"}}],"file_attributes":{}},"bev0028.png31219":{"filename":"bev0028.png","size":31219,"regions":[{"shape_attributes":{"name":"polyline","all_points_x":[205,262,290,235],"all_points_y":[131,190,165,107]},"region_attributes":{"object":"Car"}},{"shape_attributes":{"name":"rect","x":328,"y":637,"width":24,"height":21},"region_attributes":{"object":"Pedestrian"}},{"shape_attributes":{"name":"rect","x":383,"y":433,"width":104,"height":40},"region_attributes":{"object":"Car"}},{"shape_attributes":{"name":"rect","x":389,"y":382,"width":98,"height":35},"region_attributes":{"object":"Car"}}],"file_attributes":{}},"bev0027.png29975":{"filename":"bev0027.png","size":29975,"regions":[{"shape_attributes":{"name":"rect","x":384,"y":430,"width":97,"height":35},"region_attributes":{"object":"Car"}},{"shape_attributes":{"name":"rect","x":389,"y":380,"width":95,"height":31},"region_attributes":{"object":"Car"}},{"shape_attributes":{"name":"rect","x":326,"y":631,"width":13,"height":18},"region_attributes":{"object":"Pedestrian"}},{"shape_attributes":{"name":"polyline","all_points_x":[205,261,291,234],"all_points_y":[125,185,160,101]},"region_attributes":{"object":"Car"}}],"file_attributes":{}},"bev0026.png28698":{"filename":"bev0026.png","size":28698,"regions":[{"shape_attributes":{"name":"polyline","all_points_x":[206,263,287,234],"all_points_y":[122,181,160,101]},"region_attributes":{"object":"Car"}},{"shape_attributes":{"name":"rect","x":320,"y":626,"width":16,"height":17},"region_attributes":{"object":"Pedestrian"}},{"shape_attributes":{"name":"rect","x":381,"y":425,"width":99,"height":34},"region_attributes":{"object":"Car"}},{"shape_attributes":{"name":"rect","x":385,"y":375,"width":95,"height":34},"region_attributes":{"object":"Car"}}],"file_attributes":{}},"bev0025.png28624":{"filename":"bev0025.png","size":28624,"regions":[{"shape_attributes":{"name":"rect","x":315,"y":619,"width":19,"height":17},"region_attributes":{"object":"Pedestrian"}},{"shape_attributes":{"name":"rect","x":385,"y":411,"width":99,"height":40},"region_attributes":{"object":"Car"}},{"shape_attributes":{"name":"rect","x":389,"y":365,"width":97,"height":33},"region_attributes":{"object":"Car"}},{"shape_attributes":{"name":"polyline","all_points_x":[206,260,286,234],"all_points_y":[114,174,157,96]},"region_attributes":{"object":"Car"}}],"file_attributes":{}},"bev0024.png28756":{"filename":"bev0024.png","size":28756,"regions":[{"shape_attributes":{"name":"polyline","all_points_x":[204,261,289,235],"all_points_y":[107,165,147,85]},"region_attributes":{"object":"Car"}},{"shape_attributes":{"name":"rect","x":312,"y":613,"width":11,"height":15},"region_attributes":{"object":"Pedestrian"}},{"shape_attributes":{"name":"rect","x":383,"y":409,"width":97,"height":38},"region_attributes":{"object":"Car"}},{"shape_attributes":{"name":"rect","x":387,"y":360,"width":92,"height":33},"region_attributes":{"object":"Car"}}],"file_attributes":{}},"bev0023.png30285":{"filename":"bev0023.png","size":30285,"regions":[{"shape_attributes":{"name":"rect","x":382,"y":400,"width":98,"height":40},"region_attributes":{"object":"Car"}},{"shape_attributes":{"name":"rect","x":389,"y":348,"width":94,"height":34},"region_attributes":{"object":"Car"}},{"shape_attributes":{"name":"rect","x":305,"y":603,"width":15,"height":17},"region_attributes":{"object":"Pedestrian"}},{"shape_attributes":{"name":"polyline","all_points_x":[204,259,290,232],"all_points_y":[98,155,133,75]},"region_attributes":{"object":"Car"}}],"file_attributes":{}},"bev0022.png30058":{"filename":"bev0022.png","size":30058,"regions":[{"shape_attributes":{"name":"polyline","all_points_x":[204,260,292,236],"all_points_y":[81,141,115,57]},"region_attributes":{"object":"Car"}},{"shape_attributes":{"name":"rect","x":296,"y":585,"width":15,"height":16},"region_attributes":{"object":"Pedestrian"}},{"shape_attributes":{"name":"rect","x":382,"y":385,"width":99,"height":35},"region_attributes":{"object":"Car"}},{"shape_attributes":{"name":"rect","x":388,"y":331,"width":94,"height":36},"region_attributes":{"object":"Car"}}],"file_attributes":{}},"bev0021.png29291":{"filename":"bev0021.png","size":29291,"regions":[{"shape_attributes":{"name":"rect","x":293,"y":577,"width":13,"height":16},"region_attributes":{"object":"Pedestrian"}},{"shape_attributes":{"name":"rect","x":382,"y":378,"width":100,"height":33},"region_attributes":{"object":"Car"}},{"shape_attributes":{"name":"rect","x":388,"y":325,"width":96,"height":36},"region_attributes":{"object":"Car"}},{"shape_attributes":{"name":"polyline","all_points_x":[201,259,291,238],"all_points_y":[72,132,107,48]},"region_attributes":{"object":"Car"}}],"file_attributes":{}},"bev0020.png29428":{"filename":"bev0020.png","size":29428,"regions":[{"shape_attributes":{"name":"rect","x":286,"y":569,"width":21,"height":17},"region_attributes":{"object":"Pedestrian"}},{"shape_attributes":{"name":"rect","x":381,"y":371,"width":101,"height":36},"region_attributes":{"object":"Car"}},{"shape_attributes":{"name":"rect","x":386,"y":322,"width":97,"height":34},"region_attributes":{"object":"Car"}},{"shape_attributes":{"name":"polyline","all_points_x":[197,257,291,233],"all_points_y":[61,126,105,40]},"region_attributes":{"object":"Car"}}],"file_attributes":{}},"bev0019.png29482":{"filename":"bev0019.png","size":29482,"regions":[{"shape_attributes":{"name":"rect","x":284,"y":561,"width":16,"height":17},"region_attributes":{"object":"Pedestrian"}},{"shape_attributes":{"name":"rect","x":381,"y":359,"width":107,"height":39},"region_attributes":{"object":"Car"}},{"shape_attributes":{"name":"rect","x":385,"y":313,"width":104,"height":33},"region_attributes":{"object":"Car"}},{"shape_attributes":{"name":"polyline","all_points_x":[199,255,291,238],"all_points_y":[60,113,87,34]},"region_attributes":{"object":"Car"}}],"file_attributes":{}},"bev0018.png30310":{"filename":"bev0018.png","size":30310,"regions":[{"shape_attributes":{"name":"rect","x":276,"y":547,"width":15,"height":17},"region_attributes":{"object":"Pedestrian"}},{"shape_attributes":{"name":"rect","x":381,"y":350,"width":98,"height":35},"region_attributes":{"object":"Car"}},{"shape_attributes":{"name":"rect","x":386,"y":299,"width":93,"height":32},"region_attributes":{"object":"Car"}},{"shape_attributes":{"name":"polyline","all_points_x":[199,257,287,227],"all_points_y":[44,105,85,23]},"region_attributes":{"object":"Car"}}],"file_attributes":{}},"bev0017.png30330":{"filename":"bev0017.png","size":30330,"regions":[{"shape_attributes":{"name":"rect","x":267,"y":532,"width":11,"height":15},"region_attributes":{"object":"Pedestrian"}},{"shape_attributes":{"name":"rect","x":383,"y":329,"width":93,"height":39},"region_attributes":{"object":"Car"}},{"shape_attributes":{"name":"rect","x":389,"y":283,"width":87,"height":32},"region_attributes":{"object":"Car"}},{"shape_attributes":{"name":"polyline","all_points_x":[207,253,281,237],"all_points_y":[33,87,68,16]},"region_attributes":{"object":"Car"}}],"file_attributes":{}},"bev0016.png29578":{"filename":"bev0016.png","size":29578,"regions":[{"shape_attributes":{"name":"rect","x":261,"y":523,"width":11,"height":15},"region_attributes":{"object":"Pedestrian"}},{"shape_attributes":{"name":"rect","x":380,"y":323,"width":99,"height":35},"region_attributes":{"object":"Car"}},{"shape_attributes":{"name":"rect","x":388,"y":274,"width":93,"height":32},"region_attributes":{"object":"Car"}},{"shape_attributes":{"name":"polyline","all_points_x":[204,253,281,233],"all_points_y":[33,79,54,9]},"region_attributes":{"object":"Car"}}],"file_attributes":{}},"bev0015.png29649":{"filename":"bev0015.png","size":29649,"regions":[{"shape_attributes":{"name":"rect","x":257,"y":520,"width":15,"height":13},"region_attributes":{"object":"Pedestrian"}},{"shape_attributes":{"name":"rect","x":381,"y":317,"width":95,"height":35},"region_attributes":{"object":"Car"}},{"shape_attributes":{"name":"rect","x":386,"y":271,"width":91,"height":29},"region_attributes":{"object":"Car"}},{"shape_attributes":{"name":"polyline","all_points_x":[220,255,280,244],"all_points_y":[40,73,52,17]},"region_attributes":{"object":"Car"}}],"file_attributes":{}},"bev0014.png29811":{"filename":"bev0014.png","size":29811,"regions":[{"shape_attributes":{"name":"rect","x":254,"y":510,"width":15,"height":14},"region_attributes":{"object":"Pedestrian"}},{"shape_attributes":{"name":"rect","x":382,"y":313,"width":93,"height":31},"region_attributes":{"object":"Csr"}},{"shape_attributes":{"name":"rect","x":385,"y":261,"width":89,"height":34},"region_attributes":{"object":"C"}},{"shape_attributes":{"name":"polyline","all_points_x":[217,254,281,244],"all_points_y":[28,64,39,6]},"region_attributes":{"object":"Car"}}],"file_attributes":{}},"bev0013.png32065":{"filename":"bev0013.png","size":32065,"regions":[{"shape_attributes":{"name":"rect","x":381,"y":297,"width":95,"height":35},"region_attributes":{"object":"Car"}},{"shape_attributes":{"name":"rect","x":247,"y":499,"width":13,"height":13},"region_attributes":{"object":"Pedestrian"}},{"shape_attributes":{"name":"rect","x":384,"y":244,"width":91,"height":36},"region_attributes":{"object":"Car"}}],"file_attributes":{}},"bev0012.png31675":{"filename":"bev0012.png","size":31675,"regions":[{"shape_attributes":{"name":"rect","x":241,"y":487,"width":10,"height":13},"region_attributes":{"object":""}},{"shape_attributes":{"name":"rect","x":381,"y":289,"width":95,"height":30},"region_attributes":{"object":"Car"}}],"file_attributes":{}},"bev0011.png30338":{"filename":"bev0011.png","size":30338,"regions":[{"shape_attributes":{"name":"rect","x":379,"y":275,"width":97,"height":33},"region_attributes":{"object":"Car"}},{"shape_attributes":{"name":"rect","x":233,"y":473,"width":13,"height":15},"region_attributes":{"object":"Pedestrian"}}],"file_attributes":{}},"bev0010.png30395":{"filename":"bev0010.png","size":30395,"regions":[{"shape_attributes":{"name":"rect","x":230,"y":468,"width":16,"height":15},"region_attributes":{"object":"Pedestrian"}},{"shape_attributes":{"name":"rect","x":379,"y":269,"width":97,"height":34},"region_attributes":{"object":"Car"}}],"file_attributes":{}},"bev0009.png31105":{"filename":"bev0009.png","size":31105,"regions":[{"shape_attributes":{"name":"rect","x":222,"y":456,"width":11,"height":13},"region_attributes":{"object":""}},{"shape_attributes":{"name":"rect","x":378,"y":257,"width":99,"height":31},"region_attributes":{"object":"Car"}}],"file_attributes":{}},"bev0008.png31356":{"filename":"bev0008.png","size":31356,"regions":[{"shape_attributes":{"name":"rect","x":208,"y":441,"width":15,"height":13},"region_attributes":{"object":"Pedestrian"}},{"shape_attributes":{"name":"rect","x":375,"y":245,"width":95,"height":30},"region_attributes":{"object":"car"}}],"file_attributes":{}},"bev0007.png30763":{"filename":"bev0007.png","size":30763,"regions":[{"shape_attributes":{"name":"rect","x":197,"y":433,"width":17,"height":15},"region_attributes":{"object":"Pedestrian"}},{"shape_attributes":{"name":"rect","x":374,"y":233,"width":98,"height":31},"region_attributes":{"object":"Car"}}],"file_attributes":{}},"bev0006.png31751":{"filename":"bev0006.png","size":31751,"regions":[{"shape_attributes":{"name":"rect","x":373,"y":228,"width":101,"height":33},"region_attributes":{"object":"Car"}},{"shape_attributes":{"name":"rect","x":193,"y":429,"width":15,"height":15},"region_attributes":{"object":"Pedestrian"}}],"file_attributes":{}},"bev0005.png31203":{"filename":"bev0005.png","size":31203,"regions":[{"shape_attributes":{"name":"rect","x":190,"y":426,"width":13,"height":17},"region_attributes":{"object":"Pedestrian"}},{"shape_attributes":{"name":"rect","x":373,"y":225,"width":100,"height":34},"region_attributes":{"object":"Car"}}],"file_attributes":{}},"bev0004.png30932":{"filename":"bev0004.png","size":30932,"regions":[{"shape_attributes":{"name":"rect","x":374,"y":223,"width":98,"height":34},"region_attributes":{"object":"Car"}},{"shape_attributes":{"name":"rect","x":189,"y":423,"width":13,"height":18},"region_attributes":{"object":"Pedestrian"}}],"file_attributes":{}},"bev0003.png31149":{"filename":"bev0003.png","size":31149,"regions":[{"shape_attributes":{"name":"rect","x":191,"y":424,"width":12,"height":15},"region_attributes":{"object":"Pedestrian"}},{"shape_attributes":{"name":"rect","x":373,"y":221,"width":101,"height":36},"region_attributes":{"object":"Car"}}],"file_attributes":{}},"bev0002.png31017":{"filename":"bev0002.png","size":31017,"regions":[{"shape_attributes":{"name":"rect","x":194,"y":425,"width":13,"height":12},"region_attributes":{"object":"Pedestrian"}},{"shape_attributes":{"name":"rect","x":372,"y":220,"width":101,"height":35},"region_attributes":{"object":"Car"}}],"file_attributes":{}},"bev0001.png30881":{"filename":"bev0001.png","size":30881,"regions":[{"shape_attributes":{"name":"rect","x":373,"y":218,"width":103,"height":39},"region_attributes":{"object":"Car"}},{"shape_attributes":{"name":"rect","x":193,"y":425,"width":15,"height":15},"region_attributes":{"object":"Pedistrian"}}],"file_attributes":{}},"bev0000.png30885":{"filename":"bev0000.png","size":30885,"regions":[{"shape_attributes":{"name":"rect","x":194,"y":424,"width":14,"height":14},"region_attributes":{"object":"Pedestrian"}},{"shape_attributes":{"name":"rect","x":373,"y":219,"width":96,"height":37},"region_attributes":{"object":"Car"}}],"file_attributes":{}}},"_via_attributes":{"region":{"object":{"type":"text","description":"","default_value":""}},"file":{}}}