{"_via_settings":{"ui":{"annotation_editor_height":25,"annotation_editor_fontsize":0.8,"leftsidebar_width":18,"image_grid":{"img_height":80,"rshape_fill":"none","rshape_fill_opacity":0.3,"rshape_stroke":"yellow","rshape_stroke_width":2,"show_region_shape":true,"show_image_policy":"all"},"image":{"region_label":"region_id","region_label_font":"10px Sans"}},"core":{"buffer_size":18,"filepath":{},"default_filepath":""},"project":{"name":"label_last_cars"}},"_via_img_metadata":{"bev0000.png29137":{"filename":"bev0000.png","size":29137,"regions":[{"shape_attributes":{"name":"polyline","all_points_x":[298,329,318,286],"all_points_y":[64,62,5,9]},"region_attributes":{"Name":"Car"}}],"file_attributes":{}},"bev0001.png29133":{"filename":"bev0001.png","size":29133,"regions":[{"shape_attributes":{"name":"polyline","all_points_x":[299,335,324,288],"all_points_y":[87,81,13,21]},"region_attributes":{"Name":"Car"}}],"file_attributes":{}},"bev0002.png29200":{"filename":"bev0002.png","size":29200,"regions":[{"shape_attributes":{"name":"polyline","all_points_x":[304,345,327,288],"all_points_y":[127,119,33,40]},"region_attributes":{"Name":"Car"}}],"file_attributes":{}},"bev0003.png29960":{"filename":"bev0003.png","size":29960,"regions":[{"shape_attributes":{"name":"polyline","all_points_x":[309,346,320,286],"all_points_y":[138,127,54,65]},"region_attributes":{"Name":"Car"}}],"file_attributes":{}},"bev0004.png29756":{"filename":"bev0004.png","size":29756,"regions":[{"shape_attributes":{"name":"polyline","all_points_x":[312,348,335,297],"all_points_y":[175,169,88,97]},"region_attributes":{"Name":"Car"}}],"file_attributes":{}},"bev0005.png29230":{"filename":"bev0005.png","size":29230,"regions":[{"shape_attributes":{"name":"polyline","all_points_x":[305,318,359,343],"all_points_y":[123,207,194,119]},"region_attributes":{"Name":"Car"}}],"file_attributes":{}},"bev0006.png29158":{"filename":"bev0006.png","size":29158,"regions":[{"shape_attributes":{"name":"polyline","all_points_x":[327,360,346,310],"all_points_y":[230,227,143,144]},"region_attributes":{"Name":"Car"}}],"file_attributes":{}},"bev0007.png29851":{"filename":"bev0007.png","size":29851,"regions":[{"shape_attributes":{"name":"polyline","all_points_x":[335,373,352,312],"all_points_y":[251,240,161,167]},"region_attributes":{"Name":"Car"}}],"file_attributes":{}},"bev0008.png30330":{"filename":"bev0008.png","size":30330,"regions":[{"shape_attributes":{"name":"polyline","all_points_x":[348,385,349,320],"all_points_y":[279,262,177,185]},"region_attributes":{"Name":"Car"}}],"file_attributes":{}},"bev0009.png29227":{"filename":"bev0009.png","size":29227,"regions":[{"shape_attributes":{"name":"polyline","all_points_x":[356,392,362,331],"all_points_y":[295,284,205,216]},"region_attributes":{"Name":"Car"}}],"file_attributes":{}},"bev0010.png29164":{"filename":"bev0010.png","size":29164,"regions":[{"shape_attributes":{"name":"polyline","all_points_x":[363,397,364,335],"all_points_y":[307,290,214,231]},"region_attributes":{"Name":"Car"}},{"shape_attributes":{"name":"polyline","all_points_x":[305,314,286,278,279],"all_points_y":[69,25,21,61,63]},"region_attributes":{"Name":"Car"}}],"file_attributes":{}},"bev0011.png29142":{"filename":"bev0011.png","size":29142,"regions":[{"shape_attributes":{"name":"polyline","all_points_x":[376,407,374,341],"all_points_y":[318,304,225,241]},"region_attributes":{"Name":"Car"}},{"shape_attributes":{"name":"polyline","all_points_x":[270,300,312,282],"all_points_y":[78,83,30,25]},"region_attributes":{"Name":"Car"}}],"file_attributes":{}},"bev0012.png29471":{"filename":"bev0012.png","size":29471,"regions":[{"shape_attributes":{"name":"polyline","all_points_x":[392,426,384,349],"all_points_y":[337,321,247,259]},"region_attributes":{"Name":"Car"}},{"shape_attributes":{"name":"polyline","all_points_x":[270,299,314,281],"all_points_y":[105,112,35,28]},"region_attributes":{"Name":"Car"}}],"file_attributes":{}},"bev0013.png29494":{"filename":"bev0013.png","size":29494,"regions":[{"shape_attributes":{"name":"polyline","all_points_x":[425,393,353,384],"all_points_y":[330,343,266,257]},"region_attributes":{"Name":"Car"}},{"shape_attributes":{"name":"polyline","all_points_x":[270,299,308,283],"all_points_y":[127,128,41,39]},"region_attributes":{"Name":"Car"}}],"file_attributes":{}},"bev0014.png29639":{"filename":"bev0014.png","size":29639,"regions":[{"shape_attributes":{"name":"polyline","all_points_x":[359,409,441,389],"all_points_y":[286,362,345,268]},"region_attributes":{"Name":"Car"}},{"shape_attributes":{"name":"polyline","all_points_x":[266,293,308,282],"all_points_y":[144,149,67,63]},"region_attributes":{"Name":"Car"}}],"file_attributes":{}},"bev0015.png29207":{"filename":"bev0015.png","size":29207,"regions":[{"shape_attributes":{"name":"polyline","all_points_x":[376,431,457,402],"all_points_y":[305,371,353,288]},"region_attributes":{"Name":"Car"}},{"shape_attributes":{"name":"polyline","all_points_x":[260,293,309,277],"all_points_y":[173,180,96,89]},"region_attributes":{"Name":"Car"}}],"file_attributes":{}},"bev0016.png29186":{"filename":"bev0016.png","size":29186,"regions":[{"shape_attributes":{"name":"polyline","all_points_x":[258,292,306,272],"all_points_y":[191,196,109,107]},"region_attributes":{"Name":"Car"}},{"shape_attributes":{"name":"polyline","all_points_x":[384,441,464,414],"all_points_y":[314,381,366,296]},"region_attributes":{"Name":"Car"}}],"file_attributes":{}},"bev0017.png29307":{"filename":"bev0017.png","size":29307,"regions":[{"shape_attributes":{"name":"polyline","all_points_x":[257,296,304,266],"all_points_y":[201,202,121,117]},"region_attributes":{"Name":"Car"}},{"shape_attributes":{"name":"polyline","all_points_x":[381,442,468,414],"all_points_y":[319,384,369,301]},"region_attributes":{"Name":"Car"}}],"file_attributes":{}},"bev0018.png29446":{"filename":"bev0018.png","size":29446,"regions":[{"shape_attributes":{"name":"polyline","all_points_x":[254,293,301,267],"all_points_y":[212,215,135,131]},"region_attributes":{"Name":"Car"}},{"shape_attributes":{"name":"polyline","all_points_x":[391,447,476,424],"all_points_y":[324,389,372,303]},"region_attributes":{"Name":"Car"}}],"file_attributes":{}},"bev0019.png30007":{"filename":"bev0019.png","size":30007,"regions":[{"shape_attributes":{"name":"polyline","all_points_x":[397,466,493,435],"all_points_y":[336,396,383,319]},"region_attributes":{"Name":"Car"}},{"shape_attributes":{"name":"polyline","all_points_x":[253,286,296,263],"all_points_y":[253,255,176,171]},"region_attributes":{"Name":"Car"}}],"file_attributes":{}},"bev0020.png29370":{"filename":"bev0020.png","size":29370,"regions":[{"shape_attributes":{"name":"polyline","all_points_x":[413,479,500,434],"all_points_y":[348,409,389,322]},"region_attributes":{"Name":"Car"}},{"shape_attributes":{"name":"polyline","all_points_x":[252,291,294,255],"all_points_y":[266,268,187,184]},"region_attributes":{"Name":"Car"}}],"file_attributes":{}},"bev0021.png29006":{"filename":"bev0021.png","size":29006,"regions":[{"shape_attributes":{"name":"polyline","all_points_x":[254,286,294,260],"all_points_y":[283,287,209,204]},"region_attributes":{"Name":"Car"}},{"shape_attributes":{"name":"polyline","all_points_x":[513,492,418,434],"all_points_y":[384,408,355,329]},"region_attributes":{"Name":"Car"}}],"file_attributes":{}},"bev0022.png28921":{"filename":"bev0022.png","size":28921,"regions":[{"shape_attributes":{"name":"polyline","all_points_x":[249,282,290,254],"all_points_y":[297,299,221,215]},"region_attributes":{"Name":"Car"}},{"shape_attributes":{"name":"polyline","all_points_x":[431,504,519,447],"all_points_y":[364,414,383,333]},"region_attributes":{"Name":"Car"}}],"file_attributes":{}},"bev0023.png29159":{"filename":"bev0023.png","size":29159,"regions":[{"shape_attributes":{"name":"polyline","all_points_x":[246,283,288,253],"all_points_y":[332,334,247,246]},"region_attributes":{"Name":"Car"}},{"shape_attributes":{"name":"polyline","all_points_x":[524,437,455,534],"all_points_y":[415,367,340,384]},"region_attributes":{"Name":"Car"}}],"file_attributes":{}},"bev0024.png29414":{"filename":"bev0024.png","size":29414,"regions":[{"shape_attributes":{"name":"polyline","all_points_x":[243,283,286,252],"all_points_y":[348,353,266,264]},"region_attributes":{"Name":"Car"}},{"shape_attributes":{"name":"polyline","all_points_x":[442,530,540,455],"all_points_y":[380,414,384,344]},"region_attributes":{"Name":"Car"}}],"file_attributes":{}},"bev0025.png29361":{"filename":"bev0025.png","size":29361,"regions":[{"shape_attributes":{"name":"polyline","all_points_x":[242,274,284,254],"all_points_y":[370,373,295,294]},"region_attributes":{"Name":"Car"}},{"shape_attributes":{"name":"polyline","all_points_x":[467,455,540,549],"all_points_y":[353,382,416,384]},"region_attributes":{"Name":"Car"}}],"file_attributes":{}},"bev0026.png29027":{"filename":"bev0026.png","size":29027,"regions":[{"shape_attributes":{"name":"polyline","all_points_x":[459,546,554,475],"all_points_y":[380,417,390,358]},"region_attributes":{"Name":"Car"}},{"shape_attributes":{"name":"polyline","all_points_x":[243,276,287,253],"all_points_y":[384,388,307,302]},"region_attributes":{"Name":"Car"}}],"file_attributes":{}},"bev0027.png29070":{"filename":"bev0027.png","size":29070,"regions":[{"shape_attributes":{"name":"polyline","all_points_x":[232,272,280,242],"all_points_y":[407,411,324,319]},"region_attributes":{"Name":"Car"}},{"shape_attributes":{"name":"polyline","all_points_x":[475,465,559,562],"all_points_y":[365,389,418,393]},"region_attributes":{"Name":"Car"}}],"file_attributes":{}},"bev0028.png29271":{"filename":"bev0028.png","size":29271,"regions":[{"shape_attributes":{"name":"polyline","all_points_x":[236,269,282,245],"all_points_y":[418,421,341,336]},"region_attributes":{"Name":"Car"}},{"shape_attributes":{"name":"polyline","all_points_x":[478,487,570,558],"all_points_y":[391,365,388,418]},"region_attributes":{"Name":"Car"}}],"file_attributes":{}},"bev0029.png30013":{"filename":"bev0029.png","size":30013,"regions":[{"shape_attributes":{"name":"polyline","all_points_x":[485,570,576,493],"all_points_y":[393,418,394,368]},"region_attributes":{"Name":"Car"}},{"shape_attributes":{"name":"polyline","all_points_x":[232,269,276,237],"all_points_y":[439,449,364,360]},"region_attributes":{"Name":"Car"}}],"file_attributes":{}},"bev0030.png29359":{"filename":"bev0030.png","size":29359,"regions":[{"shape_attributes":{"name":"polyline","all_points_x":[232,266,277,237],"all_points_y":[451,454,373,365]},"region_attributes":{"Name":"Car"}},{"shape_attributes":{"name":"polyline","all_points_x":[491,484,575,578],"all_points_y":[369,396,416,390]},"region_attributes":{"Name":"Car"}}],"file_attributes":{}},"bev0031.png29027":{"filename":"bev0031.png","size":29027,"regions":[{"shape_attributes":{"name":"polyline","all_points_x":[232,266,277,243],"all_points_y":[461,466,371,368]},"region_attributes":{"Name":"Car"}},{"shape_attributes":{"name":"polyline","all_points_x":[491,583,592,499],"all_points_y":[393,422,395,367]},"region_attributes":{"Name":"Car"}}],"file_attributes":{}},"bev0032.png29111":{"filename":"bev0032.png","size":29111,"regions":[{"shape_attributes":{"name":"polyline","all_points_x":[496,491,578,578],"all_points_y":[373,398,416,391]},"region_attributes":{"Name":"Car"}},{"shape_attributes":{"name":"polyline","all_points_x":[232,266,276,245],"all_points_y":[466,470,385,382]},"region_attributes":{"Name":"Car"}}],"file_attributes":{}},"bev0033.png29119":{"filename":"bev0033.png","size":29119,"regions":[{"shape_attributes":{"name":"polyline","all_points_x":[231,263,276,240],"all_points_y":[477,482,396,393]},"region_attributes":{"Name":"Car"}},{"shape_attributes":{"name":"polyline","all_points_x":[496,579,585,501],"all_points_y":[397,415,385,373]},"region_attributes":{"Name":"Car"}}],"file_attributes":{}},"bev0034.png29303":{"filename":"bev0034.png","size":29303,"regions":[{"shape_attributes":{"name":"polyline","all_points_x":[229,262,270,239],"all_points_y":[490,496,413,408]},"region_attributes":{"Name":"Car"}},{"shape_attributes":{"name":"polyline","all_points_x":[501,585,586,505],"all_points_y":[395,412,379,367]},"region_attributes":{"Name":"Car"}}],"file_attributes":{}},"bev0035.png29863":{"filename":"bev0035.png","size":29863,"regions":[{"shape_attributes":{"name":"polyline","all_points_x":[225,259,268,233],"all_points_y":[514,515,424,419]},"region_attributes":{"Name":"Car"}},{"shape_attributes":{"name":"polyline","all_points_x":[496,501,585,588],"all_points_y":[375,400,416,380]},"region_attributes":{"Name":"Car"}},{"shape_attributes":{"name":"polyline","all_points_x":[295,295,331,326],"all_points_y":[24,44,42,16]},"region_attributes":{"Name":"Car"}}],"file_attributes":{}},"bev0036.png29207":{"filename":"bev0036.png","size":29207,"regions":[{"shape_attributes":{"name":"polyline","all_points_x":[221,259,270,229],"all_points_y":[531,540,449,443]},"region_attributes":{"Name":"Car"}},{"shape_attributes":{"name":"polyline","all_points_x":[501,509,596,585],"all_points_y":[372,406,419,382]},"region_attributes":{"Name":"Car"}},{"shape_attributes":{"name":"polyline","all_points_x":[293,328,328,287],"all_points_y":[53,53,27,24]},"region_attributes":{"Name":"Car"}}],"file_attributes":{}},"bev0037.png29001":{"filename":"bev0037.png","size":29001,"regions":[{"shape_attributes":{"name":"polyline","all_points_x":[222,259,266,232],"all_points_y":[552,560,461,460]},"region_attributes":{"Name":"Car"}},{"shape_attributes":{"name":"polyline","all_points_x":[511,507,588,588],"all_points_y":[372,400,412,386]},"region_attributes":{"Name":"Car"}},{"shape_attributes":{"name":"polyline","all_points_x":[287,333,328,276],"all_points_y":[70,64,35,35]},"region_attributes":{"Name":"Car"}}],"file_attributes":{}},"bev0038.png29014":{"filename":"bev0038.png","size":29014,"regions":[{"shape_attributes":{"name":"polyline","all_points_x":[512,514,585,585],"all_points_y":[372,400,416,389]},"region_attributes":{"Name":"Car"}},{"shape_attributes":{"name":"polyline","all_points_x":[221,250,264,232],"all_points_y":[564,567,489,485]},"region_attributes":{"Name":"Car"}},{"shape_attributes":{"name":"polyline","all_points_x":[295,339,320,284],"all_points_y":[79,79,26,26]},"region_attributes":{"Name":"Car"}}],"file_attributes":{}},"bev0039.png28975":{"filename":"bev0039.png","size":28975,"regions":[{"shape_attributes":{"name":"polyline","all_points_x":[221,254,262,229],"all_points_y":[584,589,505,501]},"region_attributes":{"Name":"Car"}},{"shape_attributes":{"name":"polyline","all_points_x":[514,512,584,588],"all_points_y":[371,398,413,387]},"region_attributes":{"Name":"Car"}},{"shape_attributes":{"name":"polyline","all_points_x":[295,331,322,282],"all_points_y":[79,79,24,24]},"region_attributes":{"Name":"Car"}}],"file_attributes":{}},"bev0040.png29765":{"filename":"bev0040.png","size":29765,"regions":[{"shape_attributes":{"name":"polyline","all_points_x":[259,247,216,224],"all_points_y":[524,630,625,520]},"region_attributes":{"Name":"Car"}},{"shape_attributes":{"name":"polyline","all_points_x":[515,585,585,515],"all_points_y":[397,415,391,376]},"region_attributes":{"Name":"Car"}},{"shape_attributes":{"name":"polyline","all_points_x":[293,331,324,282],"all_points_y":[104,104,38,42]},"region_attributes":{"Name":"Car"}}],"file_attributes":{}},"bev0041.png28229":{"filename":"bev0041.png","size":28229,"regions":[{"shape_attributes":{"name":"polyline","all_points_x":[210,243,254,224],"all_points_y":[677,680,592,589]},"region_attributes":{"Name":"Car"}},{"shape_attributes":{"name":"polyline","all_points_x":[522,515,584,589],"all_points_y":[375,400,416,389]},"region_attributes":{"Name":"Car"}},{"shape_attributes":{"name":"polyline","all_points_x":[293,335,328,282],"all_points_y":[134,134,68,68]},"region_attributes":{"Name":"Car"}}],"file_attributes":{}},"bev0042.png26812":{"filename":"bev0042.png","size":26812,"regions":[{"shape_attributes":{"name":"polyline","all_points_x":[216,213,243,246],"all_points_y":[643,740,740,644]},"region_attributes":{"Name":"Car"}},{"shape_attributes":{"name":"polyline","all_points_x":[586,515,524,588],"all_points_y":[419,405,378,390]},"region_attributes":{"Name":"Car"}},{"shape_attributes":{"name":"polyline","all_points_x":[302,344,324,284],"all_points_y":[156,148,82,82]},"region_attributes":{"Name":"Car"}}],"file_attributes":{}},"bev0043.png26663":{"filename":"bev0043.png","size":26663,"regions":[{"shape_attributes":{"name":"polyline","all_points_x":[211,243,249,211,207],"all_points_y":[748,750,658,652,746]},"region_attributes":{"Name":"Car"}},{"shape_attributes":{"name":"polyline","all_points_x":[523,588,592,527],"all_points_y":[402,417,391,380]},"region_attributes":{"Name":"Car"}},{"shape_attributes":{"name":"polyline","all_points_x":[302,339,324,284],"all_points_y":[168,168,86,86]},"region_attributes":{"Name":"Car"}}],"file_attributes":{}},"bev0044.png25044":{"filename":"bev0044.png","size":25044,"regions":[{"shape_attributes":{"name":"polyline","all_points_x":[240,246,217,210],"all_points_y":[776,681,681,778]},"region_attributes":{"Name":"Car"}},{"shape_attributes":{"name":"polyline","all_points_x":[527,527,589,592],"all_points_y":[376,405,417,386]},"region_attributes":{"Name":"Car"}},{"shape_attributes":{"name":"polyline","all_points_x":[302,339,331,284],"all_points_y":[178,178,86,86]},"region_attributes":{"Name":"Car"}}],"file_attributes":{}},"bev0045.png25200":{"filename":"bev0045.png","size":25200,"regions":[{"shape_attributes":{"name":"polyline","all_points_x":[209,205,239,244],"all_points_y":[702,789,792,702]},"region_attributes":{"Name":"Car"}},{"shape_attributes":{"name":"polyline","all_points_x":[533,586,584,534],"all_points_y":[408,413,378,368]},"region_attributes":{"Name":"Car"}},{"shape_attributes":{"name":"polyline","all_points_x":[298,342,326,282],"all_points_y":[192,189,93,93]},"region_attributes":{"Name":"Car"}}],"file_attributes":{}},"bev0046.png25478":{"filename":"bev0046.png","size":25478,"regions":[{"shape_attributes":{"name":"polyline","all_points_x":[530,533,585,585],"all_points_y":[376,404,417,382]},"region_attributes":{"Name":"Car"}},{"shape_attributes":{"name":"polyline","all_points_x":[243,240,205,210],"all_points_y":[713,789,788,707]},"region_attributes":{"Name":"Car"}},{"shape_attributes":{"name":"polyline","all_points_x":[304,342,324,280],"all_points_y":[192,192,103,103]},"region_attributes":{"Name":"Car"}}],"file_attributes":{}},"bev0047.png28024":{"filename":"bev0047.png","size":28024,"regions":[{"shape_attributes":{"name":"polyline","all_points_x":[303,339,327,290],"all_points_y":[207,199,122,126]},"region_attributes":{"Name":"Car"}},{"shape_attributes":{"name":"polyline","all_points_x":[540,545,586,586],"all_points_y":[405,372,375,411]},"region_attributes":{"Name":"Car"}}],"file_attributes":{}},"bev0048.png29559":{"filename":"bev0048.png","size":29559,"regions":[{"shape_attributes":{"name":"polyline","all_points_x":[537,537,589,589],"all_points_y":[375,409,419,378]},"region_attributes":{"Name":"Car"}},{"shape_attributes":{"name":"polyline","all_points_x":[205,203,239,239],"all_points_y":[765,795,794,766]},"region_attributes":{"Name":"Car"}},{"shape_attributes":{"name":"polyline","all_points_x":[300,344,326,282],"all_points_y":[218,211,119,126]},"region_attributes":{"Name":"Car"}}],"file_attributes":{}},"bev0049.png29249":{"filename":"bev0049.png","size":29249,"regions":[{"shape_attributes":{"name":"polyline","all_points_x":[306,339,317,276],"all_points_y":[225,218,108,115]},"region_attributes":{"Name":"Car"}},{"shape_attributes":{"name":"polyline","all_points_x":[547,544,588,589],"all_points_y":[372,406,419,383]},"region_attributes":{"Name":"Car"}}],"file_attributes":{}},"bev0050.png29352":{"filename":"bev0050.png","size":29352,"regions":[{"shape_attributes":{"name":"polyline","all_points_x":[302,337,328,282],"all_points_y":[236,229,119,121]},"region_attributes":{"Name":"Car"}},{"shape_attributes":{"name":"polyline","all_points_x":[547,546,584,591],"all_points_y":[375,408,416,375]},"region_attributes":{"Name":"Car"}},{"shape_attributes":{"name":"polyline","all_points_x":[269,278,306,298],"all_points_y":[20,42,46,13]},"region_attributes":{"Name":"Car"}}],"file_attributes":{}},"bev0051.png29384":{"filename":"bev0051.png","size":29384,"regions":[{"shape_attributes":{"name":"polyline","all_points_x":[547,547,586,584],"all_points_y":[368,416,416,366]},"region_attributes":{"Name":"Car"}},{"shape_attributes":{"name":"polyline","all_points_x":[304,344,331,293],"all_points_y":[236,232,148,154]},"region_attributes":{"Name":"Car"}},{"shape_attributes":{"name":"polyline","all_points_x":[276,280,306,298],"all_points_y":[15,49,49,20]},"region_attributes":{"Name":"Car"}}],"file_attributes":{}},"bev0052.png29881":{"filename":"bev0052.png","size":29881,"regions":[{"shape_attributes":{"name":"polyline","all_points_x":[300,339,326,287],"all_points_y":[247,243,135,141]},"region_attributes":{"Name":"Car"}},{"shape_attributes":{"name":"polyline","all_points_x":[551,551,597,589],"all_points_y":[366,412,416,368]},"region_attributes":{"Name":"Car"}},{"shape_attributes":{"name":"polyline","all_points_x":[265,280,313,302],"all_points_y":[24,64,64,31]},"region_attributes":{"Name":"Car"}}],"file_attributes":{}},"bev0053.png29887":{"filename":"bev0053.png","size":29887,"regions":[{"shape_attributes":{"name":"polyline","all_points_x":[306,346,331,295],"all_points_y":[251,245,159,165]},"region_attributes":{"Name":"Car"}},{"shape_attributes":{"name":"polyline","all_points_x":[262,262,300,298],"all_points_y":[26,66,77,20]},"region_attributes":{"Name":"Car"}},{"shape_attributes":{"name":"polyline","all_points_x":[555,555,588,589],"all_points_y":[373,412,417,375]},"region_attributes":{"Name":"Car"}}],"file_attributes":{}},"bev0054.png29427":{"filename":"bev0054.png","size":29427,"regions":[{"shape_attributes":{"name":"polyline","all_points_x":[309,346,326,289],"all_points_y":[258,256,163,165]},"region_attributes":{"Name":"Car"}},{"shape_attributes":{"name":"polyline","all_points_x":[265,276,309,295],"all_points_y":[31,90,86,31]},"region_attributes":{"Name":"Car"}},{"shape_attributes":{"name":"polyline","all_points_x":[558,564,591,584],"all_points_y":[364,412,416,364]},"region_attributes":{"Name":"Car"}}],"file_attributes":{}},"bev0055.png29458":{"filename":"bev0055.png","size":29458,"regions":[{"shape_attributes":{"name":"polyline","all_points_x":[306,346,328,289],"all_points_y":[264,265,156,165]},"region_attributes":{"Name":"Car"}},{"shape_attributes":{"name":"polyline","all_points_x":[555,580,580,547],"all_points_y":[412,412,377,375]},"region_attributes":{"Name":"Car"}},{"shape_attributes":{"name":"polyline","all_points_x":[313,276,262,295,313],"all_points_y":[86,86,5,4,88]},"region_attributes":{"Name":"Car"}}],"file_attributes":{}},"bev0056.png29411":{"filename":"bev0056.png","size":29411,"regions":[{"shape_attributes":{"name":"polyline","all_points_x":[302,306,348,328,293],"all_points_y":[269,262,256,165,165]},"region_attributes":{"Name":"Car"}},{"shape_attributes":{"name":"polyline","all_points_x":[558,551,591,597],"all_points_y":[379,405,412,383]},"region_attributes":{"Name":"Car"}},{"shape_attributes":{"name":"polyline","all_points_x":[280,309,295,262],"all_points_y":[97,97,5,5]},"region_attributes":{"Name":"Car"}}],"file_attributes":{}},"bev0057.png29904":{"filename":"bev0057.png","size":29904,"regions":[{"shape_attributes":{"name":"polyline","all_points_x":[558,562,586,586],"all_points_y":[377,408,412,386]},"region_attributes":{"Name":"Car"}},{"shape_attributes":{"name":"polyline","all_points_x":[348,309,302,337],"all_points_y":[265,273,178,168]},"region_attributes":{"Name":"Car"}},{"shape_attributes":{"name":"polyline","all_points_x":[309,276,254,284],"all_points_y":[101,101,20,13]},"region_attributes":{"Name":"Car"}}],"file_attributes":{}},"bev0058.png29380":{"filename":"bev0058.png","size":29380,"regions":[{"shape_attributes":{"name":"polyline","all_points_x":[557,555,591,591],"all_points_y":[368,412,419,383]},"region_attributes":{"Name":"Car"}},{"shape_attributes":{"name":"polyline","all_points_x":[315,350,335,300],"all_points_y":[280,276,167,178]},"region_attributes":{"Name":"Car"}},{"shape_attributes":{"name":"polyline","all_points_x":[280,309,298,262],"all_points_y":[110,110,26,26]},"region_attributes":{"Name":"Car"}}],"file_attributes":{}},"bev0059.png29391":{"filename":"bev0059.png","size":29391,"regions":[{"shape_attributes":{"name":"polyline","all_points_x":[273,311,295,254],"all_points_y":[115,112,16,20]},"region_attributes":{"Name":"Car"}},{"shape_attributes":{"name":"polyline","all_points_x":[346,313,300,331],"all_points_y":[286,287,189,189]},"region_attributes":{"Name":"Car"}},{"shape_attributes":{"name":"polyline","all_points_x":[584,555,555,586],"all_points_y":[412,412,377,377]},"region_attributes":{"Name":"Car"}}],"file_attributes":{}},"bev0060.png30105":{"filename":"bev0060.png","size":30105,"regions":[{"shape_attributes":{"name":"polyline","all_points_x":[589,566,555,580],"all_points_y":[419,412,375,375]},"region_attributes":{"Name":"Car"}},{"shape_attributes":{"name":"polyline","all_points_x":[320,350,331,300],"all_points_y":[287,280,189,192]},"region_attributes":{"Name":"Car"}},{"shape_attributes":{"name":"polyline","all_points_x":[284,320,298,251],"all_points_y":[126,119,27,27]},"region_attributes":{"Name":"Car"}}],"file_attributes":{}},"bev0061.png30640":{"filename":"bev0061.png","size":30640,"regions":[{"shape_attributes":{"name":"polyline","all_points_x":[313,359,339,298],"all_points_y":[298,287,192,192]},"region_attributes":{"Name":"Car"}},{"shape_attributes":{"name":"polyline","all_points_x":[280,311,298,265],"all_points_y":[130,130,42,44]},"region_attributes":{"Name":"Car"}},{"shape_attributes":{"name":"polyline","all_points_x":[551,588,588,558],"all_points_y":[412,417,375,375]},"region_attributes":{"Name":"Car"}}],"file_attributes":{}},"bev0062.png29400":{"filename":"bev0062.png","size":29400,"regions":[{"shape_attributes":{"name":"polyline","all_points_x":[324,361,339,298],"all_points_y":[306,297,203,211]},"region_attributes":{"Name":"Car"}},{"shape_attributes":{"name":"polyline","all_points_x":[317,282,262,295],"all_points_y":[124,130,48,42]},"region_attributes":{"Name":"Car"}},{"shape_attributes":{"name":"polyline","all_points_x":[557,558,591,591],"all_points_y":[375,405,412,383]},"region_attributes":{"Name":"Car"}}],"file_attributes":{}},"bev0063.png29434":{"filename":"bev0063.png","size":29434,"regions":[{"shape_attributes":{"name":"polyline","all_points_x":[324,364,342,309],"all_points_y":[309,300,207,211]},"region_attributes":{"Name":"Car"}},{"shape_attributes":{"name":"polyline","all_points_x":[273,320,304,258],"all_points_y":[130,130,35,38]},"region_attributes":{"Name":"Car"}},{"shape_attributes":{"name":"polyline","all_points_x":[558,549,589,591],"all_points_y":[415,366,364,411]},"region_attributes":{"Name":"Car"}}],"file_attributes":{}},"bev0064.png29467":{"filename":"bev0064.png","size":29467,"regions":[{"shape_attributes":{"name":"polyline","all_points_x":[320,364,346,306],"all_points_y":[309,298,222,231]},"region_attributes":{"Name":"Car"}},{"shape_attributes":{"name":"polyline","all_points_x":[280,317,302,269],"all_points_y":[137,124,42,55]},"region_attributes":{"Name":"Car"}},{"shape_attributes":{"name":"polyline","all_points_x":[557,588,588,551],"all_points_y":[408,412,364,361]},"region_attributes":{"Name":"Car"}}],"file_attributes":{}},"bev0065.png29415":{"filename":"bev0065.png","size":29415,"regions":[{"shape_attributes":{"name":"polyline","all_points_x":[566,591,591,555],"all_points_y":[410,419,375,368]},"region_attributes":{"Name":"Car"}},{"shape_attributes":{"name":"polyline","all_points_x":[379,346,309,350,379],"all_points_y":[311,324,245,229,306]},"region_attributes":{"Name":"Car"}},{"shape_attributes":{"name":"polyline","all_points_x":[287,320,284,256],"all_points_y":[163,156,64,77]},"region_attributes":{"Name":"Car"}}],"file_attributes":{}},"bev0066.png29430":{"filename":"bev0066.png","size":29430,"regions":[{"shape_attributes":{"name":"polyline","all_points_x":[555,588,584,557],"all_points_y":[406,419,377,368]},"region_attributes":{"Name":"Car"}},{"shape_attributes":{"name":"polyline","all_points_x":[377,346,306,346],"all_points_y":[311,331,243,225]},"region_attributes":{"Name":"Car"}},{"shape_attributes":{"name":"polyline","all_points_x":[324,287,254,295],"all_points_y":[156,163,71,60]},"region_attributes":{"Name":"Car"}}],"file_attributes":{}},"bev0067.png29372":{"filename":"bev0067.png","size":29372,"regions":[{"shape_attributes":{"name":"polyline","all_points_x":[558,562,588,588],"all_points_y":[375,412,419,377]},"region_attributes":{"Name":"Car"}},{"shape_attributes":{"name":"polyline","all_points_x":[384,353,313,351],"all_points_y":[321,335,244,236]},"region_attributes":{"Name":"Car"}},{"shape_attributes":{"name":"polyline","all_points_x":[317,284,251,287],"all_points_y":[170,176,79,71]},"region_attributes":{"Name":"Car"}}],"file_attributes":{}},"bev0068.png30061":{"filename":"bev0068.png","size":30061,"regions":[{"shape_attributes":{"name":"polyline","all_points_x":[316,358,385,347],"all_points_y":[263,336,321,253]},"region_attributes":{"Name":"Car"}},{"shape_attributes":{"name":"polyline","all_points_x":[318,288,263,294],"all_points_y":[171,185,109,96]},"region_attributes":{"Name":"Car"}},{"shape_attributes":{"name":"polyline","all_points_x":[557,557,588,588],"all_points_y":[376,410,416,380]},"region_attributes":{"Name":"Car"}}],"file_attributes":{}},"bev0069.png30271":{"filename":"bev0069.png","size":30271,"regions":[{"shape_attributes":{"name":"polyline","all_points_x":[316,361,391,347],"all_points_y":[265,341,324,252]},"region_attributes":{"Name":"Car"}},{"shape_attributes":{"name":"polyline","all_points_x":[285,319,298,268],"all_points_y":[188,180,98,105]},"region_attributes":{"Name":"Car"}},{"shape_attributes":{"name":"polyline","all_points_x":[555,556,590,587],"all_points_y":[374,413,416,379]},"region_attributes":{"Name":"Car"}}],"file_attributes":{}},"bev0070.png29349":{"filename":"bev0070.png","size":29349,"regions":[{"shape_attributes":{"name":"polyline","all_points_x":[393,367,318,341],"all_points_y":[325,350,267,252]},"region_attributes":{"Name":"Car"}},{"shape_attributes":{"name":"polyline","all_points_x":[282,316,313,284],"all_points_y":[190,190,110,112]},"region_attributes":{"Name":"Car"}},{"shape_attributes":{"name":"polyline","all_points_x":[558,554,585,586],"all_points_y":[375,411,419,385]},"region_attributes":{"Name":"Car"}}],"file_attributes":{}},"bev0071.png29487":{"filename":"bev0071.png","size":29487,"regions":[{"shape_attributes":{"name":"polyline","all_points_x":[320,366,393,352],"all_points_y":[273,345,330,256]},"region_attributes":{"Name":"Car"}},{"shape_attributes":{"name":"polyline","all_points_x":[318,284,277,308],"all_points_y":[188,192,115,111]},"region_attributes":{"Name":"Car"}},{"shape_attributes":{"name":"polyline","all_points_x":[588,554,558,592],"all_points_y":[417,410,378,384]},"region_attributes":{"Name":"Car"}}],"file_attributes":{}},"bev0072.png29300":{"filename":"bev0072.png","size":29300,"regions":[{"shape_attributes":{"name":"polyline","all_points_x":[559,555,586,588],"all_points_y":[374,408,416,381]},"region_attributes":{"Name":"Car"}},{"shape_attributes":{"name":"polyline","all_points_x":[399,373,323,354],"all_points_y":[334,352,277,260]},"region_attributes":{"Name":"Car"}},{"shape_attributes":{"name":"polyline","all_points_x":[318,284,282,315],"all_points_y":[192,196,122,122]},"region_attributes":{"Name":"Car"}}],"file_attributes":{}},"bev0073.png29931":{"filename":"bev0073.png","size":29931,"regions":[{"shape_attributes":{"name":"polyline","all_points_x":[398,374,320,345],"all_points_y":[333,354,275,255]},"region_attributes":{"Name":"Car"}},{"shape_attributes":{"name":"polyline","all_points_x":[587,553,561,595],"all_points_y":[417,409,378,385]},"region_attributes":{"Name":"Car"}},{"shape_attributes":{"name":"polyline","all_points_x":[316,279,287,323],"all_points_y":[196,196,113,113]},"region_attributes":{"Name":"Car"}}],"file_attributes":{}},"bev0074.png30538":{"filename":"bev0074.png","size":30538,"regions":[{"shape_attributes":{"name":"polyline","all_points_x":[404,377,323,349],"all_points_y":[332,355,279,260]},"region_attributes":{"Name":"Car"}},{"shape_attributes":{"name":"polyline","all_points_x":[283,319,320,287],"all_points_y":[198,199,122,122]},"region_attributes":{"Name":"Car"}},{"shape_attributes":{"name":"polyline","all_points_x":[588,553,562,592],"all_points_y":[418,409,373,380]},"region_attributes":{"Name":"Car"}}],"file_attributes":{}},"bev0075.png29433":{"filename":"bev0075.png","size":29433,"regions":[{"shape_attributes":{"name":"polyline","all_points_x":[557,554,587,589],"all_points_y":[376,410,417,379]},"region_attributes":{"Name":"Car"}},{"shape_attributes":{"name":"polyline","all_points_x":[326,380,403,351],"all_points_y":[280,354,333,263]},"region_attributes":{"Name":"Car"}},{"shape_attributes":{"name":"polyline","all_points_x":[319,282,288,323],"all_points_y":[198,196,122,126]},"region_attributes":{"Name":"Car"}}],"file_attributes":{}},"bev0076.png29386":{"filename":"bev0076.png","size":29386,"regions":[{"shape_attributes":{"name":"polyline","all_points_x":[410,381,325,356],"all_points_y":[336,356,281,262]},"region_attributes":{"Name":"Car"}},{"shape_attributes":{"name":"polyline","all_points_x":[319,283,279,312],"all_points_y":[196,198,116,115]},"region_attributes":{"Name":"Car"}},{"shape_attributes":{"name":"polyline","all_points_x":[558,552,588,593],"all_points_y":[374,407,418,382]},"region_attributes":{"Name":"Car"}}],"file_attributes":{}},"bev0077.png29329":{"filename":"bev0077.png","size":29329,"regions":[{"shape_attributes":{"name":"polyline","all_points_x":[584,557,554,588],"all_points_y":[380,377,408,415]},"region_attributes":{"Name":"Car"}},{"shape_attributes":{"name":"polyline","all_points_x":[408,382,326,355],"all_points_y":[338,356,284,267]},"region_attributes":{"Name":"Car"}},{"shape_attributes":{"name":"polyline","all_points_x":[277,284,321,312],"all_points_y":[120,201,197,117]},"region_attributes":{"Name":"Car"}}],"file_attributes":{}},"bev0078.png29941":{"filename":"bev0078.png","size":29941,"regions":[{"shape_attributes":{"name":"polyline","all_points_x":[285,319,312,281],"all_points_y":[201,196,115,116]},"region_attributes":{"Name":"Car"}},{"shape_attributes":{"name":"polyline","all_points_x":[326,386,413,351],"all_points_y":[289,360,334,264]},"region_attributes":{"Name":"Car"}},{"shape_attributes":{"name":"polyline","all_points_x":[561,558,588,590],"all_points_y":[373,410,415,381]},"region_attributes":{"Name":"Car"}}],"file_attributes":{}},"bev0079.png29898":{"filename":"bev0079.png","size":29898,"regions":[{"shape_attributes":{"name":"polyline","all_points_x":[321,285,279,310],"all_points_y":[199,202,121,117]},"region_attributes":{"Name":"Car"}},{"shape_attributes":{"name":"polyline","all_points_x":[327,391,413,356],"all_points_y":[289,364,337,269]},"region_attributes":{"Name":"Car"}},{"shape_attributes":{"name":"polyline","all_points_x":[557,553,590,590],"all_points_y":[373,410,419,378]},"region_attributes":{"Name":"Car"}}],"file_attributes":{}},"bev0080.png29341":{"filename":"bev0080.png","size":29341,"regions":[{"shape_attributes":{"name":"polyline","all_points_x":[558,555,587,588],"all_points_y":[374,414,416,378]},"region_attributes":{"Name":"Car"}},{"shape_attributes":{"name":"polyline","all_points_x":[415,385,329,358],"all_points_y":[337,364,287,267]},"region_attributes":{"Name":"Car"}},{"shape_attributes":{"name":"polyline","all_points_x":[285,321,321,284],"all_points_y":[201,201,116,117]},"region_attributes":{"Name":"Car"}}],"file_attributes":{}},"bev0081.png29266":{"filename":"bev0081.png","size":29266,"regions":[{"shape_attributes":{"name":"polyline","all_points_x":[331,389,417,360],"all_points_y":[291,365,339,270]},"region_attributes":{"Name":"Car"}},{"shape_attributes":{"name":"polyline","all_points_x":[321,282,281,318],"all_points_y":[199,202,126,123]},"region_attributes":{"Name":"Car"}},{"shape_attributes":{"name":"polyline","all_points_x":[562,554,590,594],"all_points_y":[375,410,418,382]},"region_attributes":{"Name":"Car"}}],"file_attributes":{}},"bev0082.png29391":{"filename":"bev0082.png","size":29391,"regions":[{"shape_attributes":{"name":"polyline","all_points_x":[586,557,561,590],"all_points_y":[418,413,383,390]},"region_attributes":{"Name":"Car"}},{"shape_attributes":{"name":"polyline","all_points_x":[389,417,366,332],"all_points_y":[360,339,273,295]},"region_attributes":{"Name":"Car"}},{"shape_attributes":{"name":"polyline","all_points_x":[286,323,310,275],"all_points_y":[208,201,119,126]},"region_attributes":{"Name":"Car"}}],"file_attributes":{}},"bev0083.png29469":{"filename":"bev0083.png","size":29469,"regions":[{"shape_attributes":{"name":"polyline","all_points_x":[286,325,315,277],"all_points_y":[208,205,116,122]},"region_attributes":{"Name":"Car"}}],"file_attributes":{}},"bev0084.png30144":{"filename":"bev0084.png","size":30144,"regions":[{"shape_attributes":{"name":"polyline","all_points_x":[286,325,317,281],"all_points_y":[216,213,129,131]},"region_attributes":{"Name":"Car"}},{"shape_attributes":{"name":"polyline","all_points_x":[598,559,568,599],"all_points_y":[421,411,375,382]},"region_attributes":{"Name":"Car"}}],"file_attributes":{}},"bev0085.png29324":{"filename":"bev0085.png","size":29324,"regions":[{"shape_attributes":{"name":"polyline","all_points_x":[575,570,593,597],"all_points_y":[378,414,419,384]},"region_attributes":{"Name":"Car"}},{"shape_attributes":{"name":"polyline","all_points_x":[335,393,419,366],"all_points_y":[298,365,345,278]},"region_attributes":{"Name":"Car"}},{"shape_attributes":{"name":"polyline","all_points_x":[323,282,282,319],"all_points_y":[218,218,134,132]},"region_attributes":{"Name":"Car"}}],"file_attributes":{}},"bev0086.png29254":{"filename":"bev0086.png","size":29254,"regions":[{"shape_attributes":{"name":"polyline","all_points_x":[326,286,278,316],"all_points_y":[220,222,130,127]},"region_attributes":{"Name":"Car"}},{"shape_attributes":{"name":"polyline","all_points_x":[336,400,422,356],"all_points_y":[299,369,347,282]},"region_attributes":{"Name":"Car"}},{"shape_attributes":{"name":"polyline","all_points_x":[581,579,596,596],"all_points_y":[380,415,417,380]},"region_attributes":{"Name":"Car"}}],"file_attributes":{}},"bev0087.png29246":{"filename":"bev0087.png","size":29246,"regions":[{"shape_attributes":{"name":"polyline","all_points_x":[425,399,340,363],"all_points_y":[344,369,303,281]},"region_attributes":{"Name":"Car"}},{"shape_attributes":{"name":"polyline","all_points_x":[288,327,315,281],"all_points_y":[226,223,133,137]},"region_attributes":{"Name":"Car"}}],"file_attributes":{}},"bev0088.png29666":{"filename":"bev0088.png","size":29666,"regions":[{"shape_attributes":{"name":"polyline","all_points_x":[292,326,314,279],"all_points_y":[233,227,141,145]},"region_attributes":{"Name":"Car"}},{"shape_attributes":{"name":"polyline","all_points_x":[428,406,341,364],"all_points_y":[347,373,305,282]},"region_attributes":{"Name":"Car"}}],"file_attributes":{}},"bev0089.png30266":{"filename":"bev0089.png","size":30266,"regions":[{"shape_attributes":{"name":"polyline","all_points_x":[411,344,366,430],"all_points_y":[373,310,288,351]},"region_attributes":{"Name":"Car"}},{"shape_attributes":{"name":"polyline","all_points_x":[329,292,281,316],"all_points_y":[234,240,157,151]},"region_attributes":{"Name":"Car"}}],"file_attributes":{}},"bev0090.png29154":{"filename":"bev0090.png","size":29154,"regions":[{"shape_attributes":{"name":"polyline","all_points_x":[434,413,345,369],"all_points_y":[351,376,311,288]},"region_attributes":{"Name":"Car"}},{"shape_attributes":{"name":"polyline","all_points_x":[292,332,316,282],"all_points_y":[241,238,157,161]},"region_attributes":{"Name":"Car"}}],"file_attributes":{}},"bev0091.png29120":{"filename":"bev0091.png","size":29120,"regions":[{"shape_attributes":{"name":"polyline","all_points_x":[356,418,439,377],"all_points_y":[322,376,352,298]},"region_attributes":{"Name":"Car"}},{"shape_attributes":{"name":"polyline","all_points_x":[334,297,286,325],"all_points_y":[244,247,172,168]},"region_attributes":{"Name":"Car"}}],"file_attributes":{}},"bev0092.png29126":{"filename":"bev0092.png","size":29126,"regions":[{"shape_attributes":{"name":"polyline","all_points_x":[443,419,353,378],"all_points_y":[354,380,316,295]},"region_attributes":{"Name":"Car"}},{"shape_attributes":{"name":"polyline","all_points_x":[337,299,285,319],"all_points_y":[249,255,175,170]},"region_attributes":{"Name":"Car"}}],"file_attributes":{}},"bev0093.png29535":{"filename":"bev0093.png","size":29535,"regions":[{"shape_attributes":{"name":"polyline","all_points_x":[360,429,451,386],"all_points_y":[323,382,355,295]},"region_attributes":{"Name":"Car"}},{"shape_attributes":{"name":"polyline","all_points_x":[340,303,285,322],"all_points_y":[255,260,181,172]},"region_attributes":{"Name":"Car"}}],"file_attributes":{}},"bev0094.png30295":{"filename":"bev0094.png","size":30295,"regions":[{"shape_attributes":{"name":"polyline","all_points_x":[459,440,365,385],"all_points_y":[356,385,332,303]},"region_attributes":{"Name":"Car"}},{"shape_attributes":{"name":"polyline","all_points_x":[343,304,288,326],"all_points_y":[255,264,192,183]},"region_attributes":{"Name":"Car"}}],"file_attributes":{}},"bev0095.png29092":{"filename":"bev0095.png","size":29092,"regions":[{"shape_attributes":{"name":"polyline","all_points_x":[462,446,370,389],"all_points_y":[362,389,334,307]},"region_attributes":{"Name":"Car"}},{"shape_attributes":{"name":"polyline","all_points_x":[343,310,290,327],"all_points_y":[262,269,198,191]},"region_attributes":{"Name":"Car"}}],"file_attributes":{}},"bev0096.png29145":{"filename":"bev0096.png","size":29145,"regions":[{"shape_attributes":{"name":"polyline","all_points_x":[469,448,374,397],"all_points_y":[366,393,337,310]},"region_attributes":{"Name":"Car"}},{"shape_attributes":{"name":"polyline","all_points_x":[348,324,289,314],"all_points_y":[267,189,201,274]},"region_attributes":{"Name":"Car"}}],"file_attributes":{}},"bev0097.png29193":{"filename":"bev0097.png","size":29193,"regions":[],"file_attributes":{}},"bev0098.png29600":{"filename":"bev0098.png","size":29600,"regions":[{"shape_attributes":{"name":"polyline","all_points_x":[358,322,293,327],"all_points_y":[275,289,212,200]},"region_attributes":{"Name":"Car"}},{"shape_attributes":{"name":"polyline","all_points_x":[485,470,391,409],"all_points_y":[361,395,349,316]},"region_attributes":{"Name":"Car"}}],"file_attributes":{}},"bev0099.png29915":{"filename":"bev0099.png","size":29915,"regions":[{"shape_attributes":{"name":"polyline","all_points_x":[496,480,397,413],"all_points_y":[357,393,355,318]},"region_attributes":{"Name":"Car"}},{"shape_attributes":{"name":"polyline","all_points_x":[296,335,366,327],"all_points_y":[220,298,282,208]},"region_attributes":{"Name":"Car"}},{"shape_attributes":{"name":"polyline","all_points_x":[312,281,267,300],"all_points_y":[158,165,95,88]},"region_attributes":{"Name":"Car"}}],"file_attributes":{}},"bev0100.png29214":{"filename":"bev0100.png","size":29214,"regions":[{"shape_attributes":{"name":"polyline","all_points_x":[504,415,422,506],"all_points_y":[396,366,347,374]},"region_attributes":{"Name":"Car"}},{"shape_attributes":{"name":"polyline","all_points_x":[378,349,305,337],"all_points_y":[294,309,237,222]},"region_attributes":{"Name":"Car"}},{"shape_attributes":{"name":"polyline","all_points_x":[312,281,268,299],"all_points_y":[173,178,103,97]},"region_attributes":{"Name":"Car"}}],"file_attributes":{}},"bev0101.png29214":{"filename":"bev0101.png","size":29214,"regions":[{"shape_attributes":{"name":"polyline","all_points_x":[511,427,434,516],"all_points_y":[397,372,347,370]},"region_attributes":{"Name":"Car"}},{"shape_attributes":{"name":"polyline","all_points_x":[382,354,310,339],"all_points_y":[298,313,244,229]},"region_attributes":{"Name":"Car"}},{"shape_attributes":{"name":"polyline","all_points_x":[315,279,276,310],"all_points_y":[183,185,108,108]},"region_attributes":{"Name":"Car"}}],"file_attributes":{}},"bev0102.png29235":{"filename":"bev0102.png","size":29235,"regions":[{"shape_attributes":{"name":"polyline","all_points_x":[446,438,522,530],"all_points_y":[345,373,397,367]},"region_attributes":{"Name":"Car"}},{"shape_attributes":{"name":"polyline","all_points_x":[393,365,318,345],"all_points_y":[304,321,256,240]},"region_attributes":{"Name":"Car"}},{"shape_attributes":{"name":"polyline","all_points_x":[319,307,274,284],"all_points_y":[190,115,121,194]},"region_attributes":{"Name":"Car"}}],"file_attributes":{}},"bev0103.png29556":{"filename":"bev0103.png","size":29556,"regions":[{"shape_attributes":{"name":"polyline","all_points_x":[288,323,309,274],"all_points_y":[208,201,117,124]},"region_attributes":{"Name":"Car"}},{"shape_attributes":{"name":"polyline","all_points_x":[543,452,462,546],"all_points_y":[399,378,346,365]},"region_attributes":{"Name":"Car"}},{"shape_attributes":{"name":"polyline","all_points_x":[405,378,323,350],"all_points_y":[306,330,263,244]},"region_attributes":{"Name":"Car"}}],"file_attributes":{}},"bev0104.png29889":{"filename":"bev0104.png","size":29889,"regions":[{"shape_attributes":{"name":"polyline","all_points_x":[557,466,474,561],"all_points_y":[402,385,354,371]},"region_attributes":{"Name":"Car"}},{"shape_attributes":{"name":"polyline","all_points_x":[419,390,326,356],"all_points_y":[321,337,269,249]},"region_attributes":{"Name":"Car"}},{"shape_attributes":{"name":"polyline","all_points_x":[330,295,279,314],"all_points_y":[222,226,141,137]},"region_attributes":{"Name":"Car"}}],"file_attributes":{}},"bev0105.png29383":{"filename":"bev0105.png","size":29383,"regions":[{"shape_attributes":{"name":"polyline","all_points_x":[509,503,589,593],"all_points_y":[358,393,411,380]},"region_attributes":{"Name":"Car"}},{"shape_attributes":{"name":"polyline","all_points_x":[446,430,354,375],"all_points_y":[326,349,297,275]},"region_attributes":{"Name":"Car"}},{"shape_attributes":{"name":"polyline","all_points_x":[339,301,285,325],"all_points_y":[237,244,170,164]},"region_attributes":{"Name":"Car"}}],"file_attributes":{}},"bev0106.png29330":{"filename":"bev0106.png","size":29330,"regions":[{"shape_attributes":{"name":"polyline","all_points_x":[529,523,588,593],"all_points_y":[362,395,407,374]},"region_attributes":{"Name":"Car"}},{"shape_attributes":{"name":"polyline","all_points_x":[445,367,384,459],"all_points_y":[351,309,281,325]},"region_attributes":{"Name":"Car"}},{"shape_attributes":{"name":"polyline","all_points_x":[306,346,324,286],"all_points_y":[257,251,170,176]},"region_attributes":{"Name":"Car"}}],"file_attributes":{}},"bev0107.png29247":{"filename":"bev0107.png","size":29247,"regions":[{"shape_attributes":{"name":"polyline","all_points_x":[558,555,598,599],"all_points_y":[367,402,410,375]},"region_attributes":{"Name":"Car"}},{"shape_attributes":{"name":"polyline","all_points_x":[404,393,479,489],"all_points_y":[297,325,356,327]},"region_attributes":{"Name":"Car"}},{"shape_attributes":{"name":"polyline","all_points_x":[291,322,360,328],"all_points_y":[197,278,267,186]},"region_attributes":{"Name":"Car"}}],"file_attributes":{}},"bev0108.png29714":{"filename":"bev0108.png","size":29714,"regions":[{"shape_attributes":{"name":"polyline","all_points_x":[365,332,299,332],"all_points_y":[279,290,216,202]},"region_attributes":{"Name":"Car"}},{"shape_attributes":{"name":"polyline","all_points_x":[425,417,503,509],"all_points_y":[305,332,359,330]},"region_attributes":{"Name":"Car"}}],"file_attributes":{}},"bev0109.png29762":{"filename":"bev0109.png","size":29762,"regions":[{"shape_attributes":{"name":"polyline","all_points_x":[378,348,300,333],"all_points_y":[295,307,222,207]},"region_attributes":{"Name":"Car"}},{"shape_attributes":{"name":"polyline","all_points_x":[524,430,437,528],"all_points_y":[362,337,307,330]},"region_attributes":{"Name":"Car"}}],"file_attributes":{}},"bev0110.png29170":{"filename":"bev0110.png","size":29170,"regions":[{"shape_attributes":{"name":"polyline","all_points_x":[484,479,568,572],"all_points_y":[323,349,367,338]},"region_attributes":{"Name":"Car"}},{"shape_attributes":{"name":"polyline","all_points_x":[397,367,316,354],"all_points_y":[310,325,251,234]},"region_attributes":{"Name":"Car"}}],"file_attributes":{}},"bev0111.png29262":{"filename":"bev0111.png","size":29262,"regions":[{"shape_attributes":{"name":"polyline","all_points_x":[509,506,590,591],"all_points_y":[328,356,369,339]},"region_attributes":{"Name":"Car"}},{"shape_attributes":{"name":"polyline","all_points_x":[413,384,329,364],"all_points_y":[323,338,268,251]},"region_attributes":{"Name":"Car"}}],"file_attributes":{}},"bev0112.png29235":{"filename":"bev0112.png","size":29235,"regions":[{"shape_attributes":{"name":"polyline","all_points_x":[430,402,341,371],"all_points_y":[325,349,284,263]},"region_attributes":{"Name":"Car"}},{"shape_attributes":{"name":"polyline","all_points_x":[537,538,589,588],"all_points_y":[327,361,366,332]},"region_attributes":{"Name":"Car"}}],"file_attributes":{}},"bev0113.png29697":{"filename":"bev0113.png","size":29697,"regions":[{"shape_attributes":{"name":"polyline","all_points_x":[570,570,591,591],"all_points_y":[334,367,365,334]},"region_attributes":{"Name":"Car"}},{"shape_attributes":{"name":"polyline","all_points_x":[447,428,357,378],"all_points_y":[338,360,303,279]},"region_attributes":{"Name":"Car"}}],"file_attributes":{}},"bev0114.png29371":{"filename":"bev0114.png","size":29371,"regions":[{"shape_attributes":{"name":"polyline","all_points_x":[484,471,389,407],"all_points_y":[347,377,328,303]},"region_attributes":{"Name":"Car"}}],"file_attributes":{}},"bev0115.png29050":{"filename":"bev0115.png","size":29050,"regions":[{"shape_attributes":{"name":"polyline","all_points_x":[411,491,500,423],"all_points_y":[344,377,345,313]},"region_attributes":{"Name":"Car"}}],"file_attributes":{}},"bev0116.png29041":{"filename":"bev0116.png","size":29041,"regions":[{"shape_attributes":{"name":"polyline","all_points_x":[521,432,442,526],"all_points_y":[382,351,320,349]},"region_attributes":{"Name":"Car"}}],"file_attributes":{}},"bev0117.png29104":{"filename":"bev0117.png","size":29104,"regions":[{"shape_attributes":{"name":"polyline","all_points_x":[557,467,476,564],"all_points_y":[389,368,332,354]},"region_attributes":{"Name":"Car"}},{"shape_attributes":{"name":"polyline","all_points_x":[90,9,7,91],"all_points_y":[210,209,177,176]},"region_attributes":{"Name":"Car"}}],"file_attributes":{}},"bev0118.png29699":{"filename":"bev0118.png","size":29699,"regions":[{"shape_attributes":{"name":"polyline","all_points_x":[586,494,500,587],"all_points_y":[399,377,346,367]},"region_attributes":{"Name":"Car"}},{"shape_attributes":{"name":"polyline","all_points_x":[122,23,20,119],"all_points_y":[206,209,176,171]},"region_attributes":{"Name":"Car"}},{"shape_attributes":{"name":"polyline","all_points_x":[60,56,1,9],"all_points_y":[251,282,274,244]},"region_attributes":{"Name":"Car"}}],"file_attributes":{}},"bev0119.png29863":{"filename":"bev0119.png","size":29863,"regions":[{"shape_attributes":{"name":"polyline","all_points_x":[137,47,45,133],"all_points_y":[203,209,179,172]},"region_attributes":{"Name":"Car"}},{"shape_attributes":{"name":"polyline","all_points_x":[545,539,592,596],"all_points_y":[358,386,398,368]},"region_attributes":{"Name":"Car"}}],"file_attributes":{}},"bev0120.png29197":{"filename":"bev0120.png","size":29197,"regions":[{"shape_attributes":{"name":"polyline","all_points_x":[157,163,75,71],"all_points_y":[165,196,209,175]},"region_attributes":{"Name":"Car"}},{"shape_attributes":{"name":"polyline","all_points_x":[106,102,19,25],"all_points_y":[255,285,274,246]},"region_attributes":{"Name":"Car"}}],"file_attributes":{}},"bev0121.png29208":{"filename":"bev0121.png","size":29208,"regions":[{"shape_attributes":{"name":"polyline","all_points_x":[187,117,109,179],"all_points_y":[183,203,175,157]},"region_attributes":{"Name":"Car"}},{"shape_attributes":{"name":"polyline","all_points_x":[142,138,53,58],"all_points_y":[257,290,280,245]},"region_attributes":{"Name":"Car"}}],"file_attributes":{}},"bev0122.png29094":{"filename":"bev0122.png","size":29094,"regions":[{"shape_attributes":{"name":"polyline","all_points_x":[153,150,64,69],"all_points_y":[261,292,281,248]},"region_attributes":{"Name":"Car"}},{"shape_attributes":{"name":"polyline","all_points_x":[198,124,115,191],"all_points_y":[176,200,172,149]},"region_attributes":{"Name":"Car"}}],"file_attributes":{}},"bev0123.png29797":{"filename":"bev0123.png","size":29797,"regions":[{"shape_attributes":{"name":"polyline","all_points_x":[211,209,95,103],"all_points_y":[270,303,285,254]},"region_attributes":{"Name":"Car"}},{"shape_attributes":{"name":"polyline","all_points_x":[234,161,148,222],"all_points_y":[154,187,161,126]},"region_attributes":{"Name":"Car"}}],"file_attributes":{}},"bev0124.png29910":{"filename":"bev0124.png","size":29910,"regions":[{"shape_attributes":{"name":"polyline","all_points_x":[245,238,142,150],"all_points_y":[277,308,289,257]},"region_attributes":{"Name":"Car"}},{"shape_attributes":{"name":"polyline","all_points_x":[257,187,170,242],"all_points_y":[138,174,145,108]},"region_attributes":{"Name":"Car"}}],"file_attributes":{}},"bev0125.png29076":{"filename":"bev0125.png","size":29076,"regions":[{"shape_attributes":{"name":"polyline","all_points_x":[275,275,178,185],"all_points_y":[281,312,298,267]},"region_attributes":{"Name":"Car"}},{"shape_attributes":{"name":"polyline","all_points_x":[277,214,196,256],"all_points_y":[119,159,128,92]},"region_attributes":{"Name":"Car"}}],"file_attributes":{}},"bev0126.png29110":{"filename":"bev0126.png","size":29110,"regions":[{"shape_attributes":{"name":"polyline","all_points_x":[332,330,235,240],"all_points_y":[287,316,305,274]},"region_attributes":{"Name":"Car"}},{"shape_attributes":{"name":"polyline","all_points_x":[65,63,2,5],"all_points_y":[190,220,216,185]},"region_attributes":{"Name":"Car"}}],"file_attributes":{}},"bev0127.png29023":{"filename":"bev0127.png","size":29023,"regions":[{"shape_attributes":{"name":"polyline","all_points_x":[370,369,274,279],"all_points_y":[292,323,310,278]},"region_attributes":{"Name":"Car"}},{"shape_attributes":{"name":"polyline","all_points_x":[86,86,8,12],"all_points_y":[187,219,214,181]},"region_attributes":{"Name":"Car"}}],"file_attributes":{}},"bev0128.png29559":{"filename":"bev0128.png","size":29559,"regions":[{"shape_attributes":{"name":"polyline","all_points_x":[347,289,264,323],"all_points_y":[37,105,87,18]},"region_attributes":{"Name":"Car"}},{"shape_attributes":{"name":"polyline","all_points_x":[411,410,312,316],"all_points_y":[299,327,315,287]},"region_attributes":{"Name":"Car"}},{"shape_attributes":{"name":"polyline","all_points_x":[113,116,28,26],"all_points_y":[178,211,216,185]},"region_attributes":{"Name":"Car"}},{"shape_attributes":{"name":"polyline","all_points_x":[80,75,5,14],"all_points_y":[325,352,338,312]},"region_attributes":{"Name":"Car"}}],"file_attributes":{}},"bev0129.png29857":{"filename":"bev0129.png","size":29857,"regions":[{"shape_attributes":{"name":"polyline","all_points_x":[448,446,334,339],"all_points_y":[308,337,319,287]},"region_attributes":{"Name":"Car"}},{"shape_attributes":{"name":"polyline","all_points_x":[133,41,38,131],"all_points_y":[209,216,188,182]},"region_attributes":{"Name":"Car"}},{"shape_attributes":{"name":"polyline","all_points_x":[359,312,279,329],"all_points_y":[18,84,64,3]},"region_attributes":{"Name":"Car"}},{"shape_attributes":{"name":"polyline","all_points_x":[84,12,14,88],"all_points_y":[351,342,316,325]},"region_attributes":{"Name":"Car"}}],"file_attributes":{}}},"_via_attributes":{"region":{"Name":{"type":"text","description":"","default_value":"Car"}},"file":{}}}